{
  "checkpoint_path": "checkpoints/VitLargePatch14_OfficialTrain5_Epoch5_2504/step_32000.pt",
  "galaxy10_h5": "Evals/DeCals_linearProbing/galaxy10/Galaxy10_DECals.h5",
  "model_name": "vit_large_patch14_dinov2.lvd142m",
  "input_size": 518,
  "seed": 42,
  "split_sizes": {
    "train": 14185,
    "val": 1769,
    "test": 1782
  },
  "best_probe": {
    "lr": 0.003,
    "wd": 0.0001,
    "best_epoch": 97,
    "val_metrics": {
      "top1_acc": 0.5935556811758056,
      "macro_f1": 0.5645026315705075,
      "per_class_acc": [
        0.25,
        0.6216216216216216,
        0.7272727272727273,
        0.594059405940594,
        0.30303030303030304,
        0.5,
        0.6153846153846154,
        0.5190839694656488,
        0.647887323943662,
        0.7700534759358288
      ],
      "per_class_precision": [
        0.3,
        0.625,
        0.6274509803921569,
        0.5357142857142857,
        0.625,
        0.6375,
        0.5925925925925926,
        0.49635036496350365,
        0.7419354838709677,
        0.7128712871287128
      ],
      "per_class_recall": [
        0.25,
        0.6216216216216216,
        0.7272727272727273,
        0.594059405940594,
        0.30303030303030304,
        0.5,
        0.6153846153846154,
        0.5190839694656488,
        0.647887323943662,
        0.7700534759358288
      ],
      "per_class_f1": [
        0.2727272727272727,
        0.6233062330623307,
        0.6736842105263158,
        0.5633802816901409,
        0.40816326530612246,
        0.5604395604395604,
        0.6037735849056604,
        0.5074626865671642,
        0.6917293233082707,
        0.7403598971722365
      ],
      "support": [
        108,
        185,
        264,
        202,
        33,
        204,
        182,
        262,
        142,
        187
      ],
      "confusion_matrix": [
        [
          27,
          6,
          17,
          19,
          0,
          10,
          2,
          24,
          2,
          1
        ],
        [
          3,
          115,
          15,
          12,
          2,
          6,
          3,
          14,
          3,
          12
        ],
        [
          3,
          10,
          192,
          35,
          0,
          7,
          7,
          9,
          0,
          1
        ],
        [
          5,
          7,
          49,
          120,
          1,
          4,
          2,
          5,
          0,
          9
        ],
        [
          1,
          2,
          0,
          11,
          10,
          0,
          0,
          2,
          2,
          5
        ],
        [
          10,
          15,
          3,
          5,
          0,
          102,
          26,
          37,
          2,
          4
        ],
        [
          5,
          1,
          8,
          1,
          1,
          11,
          112,
          36,
          3,
          4
        ],
        [
          21,
          16,
          10,
          17,
          0,
          16,
          33,
          136,
          8,
          5
        ],
        [
          14,
          4,
          0,
          0,
          0,
          3,
          3,
          9,
          92,
          17
        ],
        [
          1,
          8,
          12,
          4,
          2,
          1,
          1,
          2,
          12,
          144
        ]
      ]
    }
  },
  "train_metrics": {
    "top1_acc": 0.6391258371519211,
    "macro_f1": 0.6100246752811148,
    "per_class_acc": [
      0.31712962962962965,
      0.6491228070175439,
      0.7424385633270322,
      0.6841455891425047,
      0.31086142322097376,
      0.5342717258261934,
      0.65892002734108,
      0.5475737392959087,
      0.7926186291739895,
      0.7857142857142857
    ],
    "per_class_precision": [
      0.4228395061728395,
      0.6750877192982456,
      0.6540383014154871,
      0.5968783638320775,
      0.5684931506849316,
      0.6529543754674645,
      0.6013724266999376,
      0.5341067285382831,
      0.782307025151778,
      0.8072702331961591
    ],
    "per_class_recall": [
      0.31712962962962965,
      0.6491228070175439,
      0.7424385633270322,
      0.6841455891425047,
      0.31086142322097376,
      0.5342717258261934,
      0.65892002734108,
      0.5475737392959087,
      0.7926186291739895,
      0.7857142857142857
    ],
    "per_class_f1": [
      0.36243386243386244,
      0.6618507051943585,
      0.6954404603806995,
      0.637539522851394,
      0.4019370460048426,
      0.5876809155166611,
      0.6288323548597522,
      0.5407564012215176,
      0.7874290702749891,
      0.7963464140730717
    ],
    "support": [
      864,
      1482,
      2116,
      1621,
      267,
      1634,
      1463,
      2102,
      1138,
      1498
    ],
    "confusion_matrix": [
      [
        274,
        34,
        123,
        110,
        6,
        52,
        40,
        180,
        17,
        28
      ],
      [
        37,
        962,
        122,
        83,
        4,
        51,
        36,
        68,
        50,
        69
      ],
      [
        24,
        85,
        1571,
        264,
        1,
        30,
        41,
        80,
        1,
        19
      ],
      [
        32,
        52,
        319,
        1109,
        17,
        7,
        10,
        36,
        1,
        38
      ],
      [
        15,
        10,
        15,
        88,
        83,
        4,
        0,
        12,
        7,
        33
      ],
      [
        74,
        76,
        57,
        52,
        5,
        873,
        214,
        257,
        11,
        15
      ],
      [
        11,
        15,
        63,
        16,
        4,
        92,
        964,
        271,
        20,
        7
      ],
      [
        114,
        96,
        83,
        101,
        12,
        200,
        276,
        1151,
        46,
        23
      ],
      [
        58,
        28,
        3,
        2,
        2,
        9,
        14,
        71,
        902,
        49
      ],
      [
        9,
        67,
        46,
        33,
        12,
        19,
        8,
        29,
        98,
        1177
      ]
    ]
  },
  "val_metrics": {
    "top1_acc": 0.5935556811758056,
    "macro_f1": 0.5645026315705075,
    "per_class_acc": [
      0.25,
      0.6216216216216216,
      0.7272727272727273,
      0.594059405940594,
      0.30303030303030304,
      0.5,
      0.6153846153846154,
      0.5190839694656488,
      0.647887323943662,
      0.7700534759358288
    ],
    "per_class_precision": [
      0.3,
      0.625,
      0.6274509803921569,
      0.5357142857142857,
      0.625,
      0.6375,
      0.5925925925925926,
      0.49635036496350365,
      0.7419354838709677,
      0.7128712871287128
    ],
    "per_class_recall": [
      0.25,
      0.6216216216216216,
      0.7272727272727273,
      0.594059405940594,
      0.30303030303030304,
      0.5,
      0.6153846153846154,
      0.5190839694656488,
      0.647887323943662,
      0.7700534759358288
    ],
    "per_class_f1": [
      0.2727272727272727,
      0.6233062330623307,
      0.6736842105263158,
      0.5633802816901409,
      0.40816326530612246,
      0.5604395604395604,
      0.6037735849056604,
      0.5074626865671642,
      0.6917293233082707,
      0.7403598971722365
    ],
    "support": [
      108,
      185,
      264,
      202,
      33,
      204,
      182,
      262,
      142,
      187
    ],