{
  "checkpoint_path": "checkpoints/VitLargePatch14_OfficialTrain5_Epoch5_2504/step_4000.pt",
  "galaxy10_h5": "Evals/DeCals_linearProbing/galaxy10/Galaxy10_DECals.h5",
  "model_name": "vit_large_patch14_dinov2.lvd142m",
  "input_size": 518,
  "seed": 42,
  "split_sizes": {
    "train": 14185,
    "val": 1769,
    "test": 1782
  },
  "best_probe": {
    "lr": 0.003,
    "wd": 0.0,
    "best_epoch": 84,
    "val_metrics": {
      "top1_acc": 0.5556811758055399,
      "macro_f1": 0.5332582046291667,
      "per_class_acc": [
        0.3055555555555556,
        0.5243243243243243,
        0.7386363636363636,
        0.4306930693069307,
        0.2727272727272727,
        0.43137254901960786,
        0.6043956043956044,
        0.48091603053435117,
        0.6971830985915493,
        0.7433155080213903
      ],
      "per_class_precision": [
        0.4024390243902439,
        0.532967032967033,
        0.5431754874651811,
        0.554140127388535,
        0.9,
        0.5365853658536586,
        0.5699481865284974,
        0.47547169811320755,
        0.6644295302013423,
        0.6682692307692307
      ],
      "per_class_recall": [
        0.3055555555555556,
        0.5243243243243243,
        0.7386363636363636,
        0.4306930693069307,
        0.2727272727272727,
        0.43137254901960786,
        0.6043956043956044,
        0.48091603053435117,
        0.6971830985915493,
        0.7433155080213903
      ],
      "per_class_f1": [
        0.3473684210526316,
        0.5286103542234333,
        0.6260032102728733,
        0.4846796657381615,
        0.41860465116279066,
        0.47826086956521746,
        0.5866666666666667,
        0.47817836812144215,
        0.6804123711340205,
        0.7037974683544304
      ],
      "support": [
        108,
        185,
        264,
        202,
        33,
        204,
        182,
        262,
        142,
        187
      ],
      "confusion_matrix": [
        [
          33,
          1,
          22,
          10,
          0,
          12,
          3,
          20,
          4,
          3
        ],
        [
          0,
          97,
          29,
          11,
          0,
          8,
          4,
          9,
          8,
          19
        ],
        [
          5,
          14,
          195,
          24,
          0,
          4,
          4,
          14,
          0,
          4
        ],
        [
          6,
          17,
          63,
          87,
          0,
          3,
          3,
          8,
          2,
          13
        ],
        [
          0,
          1,
          3,
          7,
          9,
          1,
          0,
          0,
          3,
          9
        ],
        [
          7,
          15,
          7,
          3,
          1,
          88,
          31,
          39,
          7,
          6
        ],
        [
          3,
          4,
          7,
          0,
          0,
          20,
          110,
          35,
          1,
          2
        ],
        [
          22,
          16,
          12,
          13,
          0,
          23,
          35,
          126,
          11,
          4
        ],
        [
          6,
          7,
          3,
          0,
          0,
          3,
          3,
          12,
          99,
          9
        ],
        [
          0,
          10,
          18,
          2,
          0,
          2,
          0,
          2,
          14,
          139
        ]
      ]
    }
  },
  "train_metrics": {
    "top1_acc": 0.5799083538949594,
    "macro_f1": 0.5407512138260042,
    "per_class_acc": [
      0.27199074074074076,
      0.5641025641025641,
      0.724007561436673,
      0.5052436767427514,
      0.15730337078651685,
      0.47429620563035496,
      0.6131237183868763,
      0.5204567078972407,
      0.7776801405975395,
      0.7416555407209613
    ],
    "per_class_precision": [
      0.40308747855917665,
      0.6224869694713329,
      0.5502873563218391,
      0.5991221653255303,
      0.5833333333333334,
      0.5728011825572801,
      0.5469512195121952,
      0.4892665474060823,
      0.7046178343949044,
      0.7163120567375887
    ],
    "per_class_recall": [
      0.27199074074074076,
      0.5641025641025641,
      0.724007561436673,
      0.5052436767427514,
      0.15730337078651685,
      0.47429620563035496,
      0.6131237183868763,
      0.5204567078972407,
      0.7776801405975395,
      0.7416555407209613
    ],
    "per_class_f1": [
      0.32480995162404974,
      0.591858407079646,
      0.6253061224489797,
      0.5481927710843373,
      0.247787610619469,
      0.5189152996317374,
      0.5781501772478246,
      0.5043798985707699,
      0.7393483709273183,
      0.7287635290259102
    ],
    "support": [
      864,
      1482,
      2116,
      1621,
      267,
      1634,
      1463,
      2102,
      1138,
      1498
    ],
    "confusion_matrix": [
      [
        235,
        29,
        159,
        82,
        1,
        60,
        38,
        171,
        50,
        39
      ],
      [
        24,
        836,
        178,
        69,
        5,
        84,
        35,
        84,
        67,
        100
      ],
      [
        30,
        118,
        1532,
        179,
        0,
        60,
        68,
        90,
        14,
        25
      ],
      [
        29,
        79,
        499,
        819,
        5,
        32,
        10,
        74,
        5,
        69
      ],
      [
        13,
        6,
        39,
        84,
        42,
        4,
        0,
        16,
        13,
        50
      ],
      [
        47,
        63,
        98,
        39,
        0,
        775,
        252,
        301,
        32,
        27
      ],
      [
        11,
        25,
        58,
        2,
        0,
        112,
        897,
        317,
        24,
        17
      ],
      [
        145,
        83,
        114,
        65,
        5,
        197,
        296,
        1094,
        69,
        34
      ],
      [
        43,
        24,
        8,
        0,
        2,
        10,
        30,
        57,
        885,
        79
      ],
      [
        6,
        80,
        99,
        28,
        12,
        19,
        14,
        32,
        97,
        1111
      ]
    ]
  },
  "val_metrics": {
    "top1_acc": 0.5556811758055399,
    "macro_f1": 0.5332582046291667,
    "per_class_acc": [
      0.3055555555555556,
      0.5243243243243243,
      0.7386363636363636,
      0.4306930693069307,
      0.2727272727272727,
      0.43137254901960786,
      0.6043956043956044,
      0.48091603053435117,
      0.6971830985915493,
      0.7433155080213903
    ],
    "per_class_precision": [
      0.4024390243902439,
      0.532967032967033,
      0.5431754874651811,
      0.554140127388535,
      0.9,
      0.5365853658536586,
      0.5699481865284974,
      0.47547169811320755,
      0.6644295302013423,
      0.6682692307692307
    ],
    "per_class_recall": [
      0.3055555555555556,
      0.5243243243243243,
      0.7386363636363636,
      0.4306930693069307,
      0.2727272727272727,
      0.43137254901960786,
      0.6043956043956044,
      0.48091603053435117,
      0.6971830985915493,
      0.7433155080213903
    ],
    "per_class_f1": [
      0.3473684210526316,
      0.5286103542234333,
      0.6260032102728733,
      0.4846796657381615,
      0.41860465116279066,
      0.47826086956521746,
      0.5866666666666667,
      0.47817836812144215,
      0.6804123711340205,
      0.7037974683544304
    ],
    "support": [
      108,
      185,
      264,
      202,
      33,
      204,
      182,
      262,
      142,
      187
    ],