{
  "checkpoint_path": "checkpoints/VitLargePatch14_OfficialTrain5_Epoch5_2504/step_20000.pt",
  "galaxy10_h5": "Evals/DeCals_linearProbing/galaxy10/Galaxy10_DECals.h5",
  "model_name": "vit_large_patch14_dinov2.lvd142m",
  "input_size": 518,
  "seed": 42,
  "split_sizes": {
    "train": 14185,
    "val": 1769,
    "test": 1782
  },
  "best_probe": {
    "lr": 0.003,
    "wd": 0.0,
    "best_epoch": 64,
    "val_metrics": {
      "top1_acc": 0.5879027699265121,
      "macro_f1": 0.5633905145829547,
      "per_class_acc": [
        0.21296296296296297,
        0.6108108108108108,
        0.7159090909090909,
        0.5742574257425742,
        0.3333333333333333,
        0.5441176470588235,
        0.5494505494505495,
        0.4770992366412214,
        0.7112676056338029,
        0.8074866310160428
      ],
      "per_class_precision": [
        0.34328358208955223,
        0.5736040609137056,
        0.6176470588235294,
        0.5225225225225225,
        0.6470588235294118,
        0.5935828877005348,
        0.625,
        0.45126353790613716,
        0.7890625,
        0.7259615384615384
      ],
      "per_class_recall": [
        0.21296296296296297,
        0.6108108108108108,
        0.7159090909090909,
        0.5742574257425742,
        0.3333333333333333,
        0.5441176470588235,
        0.5494505494505495,
        0.4770992366412214,
        0.7112676056338029,
        0.8074866310160428
      ],
      "per_class_f1": [
        0.2628571428571429,
        0.5916230366492147,
        0.6631578947368422,
        0.5471698113207547,
        0.44,
        0.5677749360613811,
        0.5847953216374269,
        0.4638218923933209,
        0.7481481481481482,
        0.7645569620253164
      ],
      "support": [
        108,
        185,
        264,
        202,
        33,
        204,
        182,
        262,
        142,
        187
      ],
      "confusion_matrix": [
        [
          23,
          7,
          18,
          17,
          1,
          7,
          3,
          27,
          3,
          2
        ],
        [
          2,
          113,
          19,
          12,
          0,
          5,
          0,
          17,
          2,
          15
        ],
        [
          3,
          15,
          189,
          37,
          0,
          3,
          3,
          11,
          0,
          3
        ],
        [
          2,
          14,
          45,
          116,
          1,
          7,
          3,
          6,
          1,
          7
        ],
        [
          0,
          0,
          0,
          9,
          11,
          2,
          0,
          1,
          3,
          7
        ],
        [
          7,
          11,
          6,
          5,
          0,
          111,
          23,
          36,
          1,
          4
        ],
        [
          6,
          5,
          4,
          3,
          0,
          19,
          100,
          41,
          2,
          2
        ],
        [
          19,
          15,
          16,
          21,
          1,
          29,
          27,
          125,
          7,
          2
        ],
        [
          4,
          7,
          0,
          0,
          1,
          4,
          1,
          9,
          101,
          15
        ],
        [
          1,
          10,
          9,
          2,
          2,
          0,
          0,
          4,
          8,
          151
        ]
      ]
    }
  },
  "train_metrics": {
    "top1_acc": 0.6315121607331688,
    "macro_f1": 0.5911228302425856,
    "per_class_acc": [
      0.27662037037037035,
      0.6524966261808367,
      0.7466918714555766,
      0.6508328192473781,
      0.18726591760299627,
      0.5538555691554468,
      0.5885167464114832,
      0.5594671741198858,
      0.804920913884007,
      0.8070761014686249
    ],
    "per_class_precision": [
      0.48577235772357724,
      0.662782727895819,
      0.6203376521397723,
      0.595372460496614,
      0.6024096385542169,
      0.618591934381408,
      0.6176470588235294,
      0.5224344735673034,
      0.8006993006993007,
      0.7651898734177215
    ],
    "per_class_recall": [
      0.27662037037037035,
      0.6524966261808367,
      0.7466918714555766,
      0.6508328192473781,
      0.18726591760299627,
      0.5538555691554468,
      0.5885167464114832,
      0.5594671741198858,
      0.804920913884007,
      0.8070761014686249
    ],
    "per_class_f1": [
      0.3525073746312684,
      0.657599455967358,
      0.6776753163199657,
      0.6218685529030356,
      0.28571428571428575,
      0.5844365515014529,
      0.6027301365068254,
      0.5403170227429359,
      0.8028045574057844,
      0.7855750487329434
    ],
    "support": [
      864,
      1482,
      2116,
      1621,
      267,
      1634,
      1463,
      2102,
      1138,
      1498
    ],
    "confusion_matrix": [
      [
        239,
        45,
        147,
        114,
        1,
        71,
        27,
        167,
        21,
        32
      ],
      [
        24,
        967,
        120,
        69,
        4,
        66,
        17,
        94,
        44,
        77
      ],
      [
        20,
        104,
        1580,
        235,
        0,
        33,
        54,
        66,
        3,
        21
      ],
      [
        15,
        75,
        346,
        1055,
        7,
        9,
        20,
        51,
        5,
        38
      ],
      [
        5,
        8,
        16,
        113,
        50,
        7,
        1,
        13,
        11,
        43
      ],
      [
        34,
        72,
        78,
        44,
        1,
        905,
        171,
        282,
        15,
        32
      ],
      [
        11,
        11,
        78,
        13,
        1,
        125,
        861,
        327,
        18,
        18
      ],
      [
        110,
        82,
        125,
        91,
        6,
        220,
        228,
        1176,
        36,
        28
      ],
      [
        32,
        24,
        3,
        2,
        1,
        12,
        11,
        55,
        916,
        82
      ],
      [
        2,
        71,
        54,
        36,
        12,
        15,
        4,
        20,
        75,
        1209
      ]
    ]
  },
  "val_metrics": {
    "top1_acc": 0.5879027699265121,
    "macro_f1": 0.5633905145829547,
    "per_class_acc": [
      0.21296296296296297,
      0.6108108108108108,
      0.7159090909090909,
      0.5742574257425742,
      0.3333333333333333,
      0.5441176470588235,
      0.5494505494505495,
      0.4770992366412214,
      0.7112676056338029,
      0.8074866310160428
    ],
    "per_class_precision": [
      0.34328358208955223,
      0.5736040609137056,
      0.6176470588235294,
      0.5225225225225225,
      0.6470588235294118,
      0.5935828877005348,
      0.625,
      0.45126353790613716,
      0.7890625,
      0.7259615384615384
    ],
    "per_class_recall": [
      0.21296296296296297,
      0.6108108108108108,
      0.7159090909090909,
      0.5742574257425742,
      0.3333333333333333,
      0.5441176470588235,
      0.5494505494505495,
      0.4770992366412214,
      0.7112676056338029,
      0.8074866310160428
    ],
    "per_class_f1": [
      0.2628571428571429,
      0.5916230366492147,
      0.6631578947368422,
      0.5471698113207547,
      0.44,
      0.5677749360613811,
      0.5847953216374269,
      0.4638218923933209,
      0.7481481481481482,
      0.7645569620253164
    ],
    "support": [
      108,
      185,
      264,
      202,
      33,
      204,
      182,
      262,
      142,
      187
    ],