{
  "checkpoint_path": "checkpoints/VitSmallPatch14_2204/step_21000.pt",
  "galaxy10_h5": "Evals/DeCals_linearProbing/galaxy10/Galaxy10_DECals.h5",
  "model_name": "vit_small_patch14_dinov2.lvd142m",
  "input_size": 518,
  "seed": 42,
  "split_sizes": {
    "train": 14185,
    "val": 1769,
    "test": 1782
  },
  "best_probe": {
    "lr": 0.01,
    "wd": 0.001,
    "best_epoch": 59,
    "val_metrics": {
      "top1_acc": 0.4968908988128886,
      "macro_f1": 0.47743581313730266,
      "per_class_acc": [
        0.2962962962962963,
        0.3945945945945946,
        0.5568181818181818,
        0.43564356435643564,
        0.3939393939393939,
        0.3382352941176471,
        0.6153846153846154,
        0.4732824427480916,
        0.5774647887323944,
        0.7433155080213903
      ],
      "per_class_precision": [
        0.3950617283950617,
        0.43452380952380953,
        0.5212765957446809,
        0.43564356435643564,
        0.3611111111111111,
        0.5073529411764706,
        0.4827586206896552,
        0.4979919678714859,
        0.656,
        0.5387596899224806
      ],
      "per_class_recall": [
        0.2962962962962963,
        0.3945945945945946,
        0.5568181818181818,
        0.43564356435643564,
        0.3939393939393939,
        0.3382352941176471,
        0.6153846153846154,
        0.4732824427480916,
        0.5774647887323944,
        0.7433155080213903
      ],
      "per_class_f1": [
        0.3386243386243386,
        0.4135977337110482,
        0.5384615384615384,
        0.43564356435643564,
        0.37681159420289856,
        0.40588235294117647,
        0.5410628019323672,
        0.4853228962818004,
        0.6142322097378277,
        0.6247191011235954
      ],
      "support": [
        108,
        185,
        264,
        202,
        33,
        204,
        182,
        262,
        142,
        187
      ],
      "confusion_matrix": [
        [
          32,
          4,
          20,
          12,
          0,
          8,
          3,
          21,
          3,
          5
        ],
        [
          2,
          73,
          24,
          14,
          1,
          7,
          9,
          11,
          12,
          32
        ],
        [
          2,
          24,
          147,
          47,
          1,
          7,
          3,
          9,
          2,
          22
        ],
        [
          3,
          21,
          49,
          88,
          12,
          6,
          2,
          6,
          2,
          13
        ],
        [
          0,
          0,
          3,
          8,
          13,
          0,
          0,
          1,
          3,
          5
        ],
        [
          6,
          16,
          13,
          7,
          3,
          69,
          49,
          35,
          4,
          2
        ],
        [
          4,
          3,
          5,
          2,
          1,
          18,
          112,
          30,
          1,
          6
        ],
        [
          24,
          16,
          7,
          13,
          2,
          18,
          42,
          124,
          8,
          8
        ],
        [
          8,
          1,
          2,
          1,
          0,
          0,
          11,
          11,
          82,
          26
        ],
        [
          0,
          10,
          12,
          10,
          3,
          3,
          1,
          1,
          8,
          139
        ]
      ]
    }
  },
  "train_metrics": {
    "top1_acc": 0.5056045118082482,
    "macro_f1": 0.4706834036798595,
    "per_class_acc": [
      0.25462962962962965,
      0.4143049932523617,
      0.5723062381852552,
      0.49537322640345466,
      0.20599250936329588,
      0.3408812729498164,
      0.6240601503759399,
      0.45908658420551857,
      0.6379613356766256,
      0.739652870493992
    ],
    "per_class_precision": [
      0.41275797373358347,
      0.4838455476753349,
      0.5304424003504161,
      0.48228228228228226,
      0.2217741935483871,
      0.4890254609306409,
      0.4807793575566087,
      0.4604007633587786,
      0.6424778761061947,
      0.5761830473218928
    ],
    "per_class_recall": [
      0.25462962962962965,
      0.4143049932523617,
      0.5723062381852552,
      0.49537322640345466,
      0.20599250936329588,
      0.3408812729498164,
      0.6240601503759399,
      0.45908658420551857,
      0.6379613356766256,
      0.739652870493992
    ],
    "per_class_f1": [
      0.31496062992125984,
      0.44638313340603414,
      0.5505796771993634,
      0.4887401095556908,
      0.21359223300970875,
      0.40173097728092316,
      0.5431290898274836,
      0.4597427346355408,
      0.6402116402116402,
      0.64776381175095
    ],
    "support": [
      864,
      1482,
      2116,
      1621,
      267,
      1634,
      1463,
      2102,
      1138,
      1498
    ],
    "confusion_matrix": [
      [
        220,
        35,
        142,
        120,
        13,
        46,
        46,
        142,
        48,
        52
      ],
      [
        22,
        614,
        177,
        111,
        20,
        88,
        61,
        108,
        80,
        201
      ],
      [
        17,
        196,
        1211,
        317,
        20,
        68,
        49,
        92,
        22,
        124
      ],
      [
        13,
        133,
        354,
        803,
        72,
        39,
        9,
        80,
        7,
        111
      ],
      [
        0,
        12,
        29,
        86,
        55,
        8,
        2,
        20,
        12,
        43
      ],
      [
        53,
        80,
        125,
        59,
        20,
        557,
        364,
        308,
        32,
        36
      ],
      [
        16,
        19,
        43,
        12,
        2,
        119,
        913,
        265,
        34,
        40
      ],
      [
        142,
        82,
        109,
        81,
        23,
        188,
        373,
        965,
        82,
        57
      ],
      [
        48,
        20,
        12,
        3,
        4,
        6,
        78,
        90,
        726,
        151
      ],
      [
        2,
        78,
        81,
        73,
        19,
        20,
        4,
        26,
        87,
        1108
      ]
    ]
  },
  "val_metrics": {
    "top1_acc": 0.4968908988128886,
    "macro_f1": 0.47743581313730266,
    "per_class_acc": [
      0.2962962962962963,
      0.3945945945945946,
      0.5568181818181818,
      0.43564356435643564,
      0.3939393939393939,
      0.3382352941176471,
      0.6153846153846154,
      0.4732824427480916,
      0.5774647887323944,
      0.7433155080213903
    ],
    "per_class_precision": [
      0.3950617283950617,
      0.43452380952380953,
      0.5212765957446809,
      0.43564356435643564,
      0.3611111111111111,
      0.5073529411764706,
      0.4827586206896552,
      0.4979919678714859,
      0.656,
      0.5387596899224806
    ],
    "per_class_recall": [
      0.2962962962962963,
      0.3945945945945946,
      0.5568181818181818,
      0.43564356435643564,
      0.3939393939393939,
      0.3382352941176471,
      0.6153846153846154,
      0.4732824427480916,
      0.5774647887323944,
      0.7433155080213903
    ],
    "per_class_f1": [
      0.3386243386243386,
      0.4135977337110482,
      0.5384615384615384,
      0.43564356435643564,
      0.37681159420289856,
      0.40588235294117647,
      0.5410628019323672,
      0.4853228962818004,
      0.6142322097378277,
      0.6247191011235954
    ],
    "support": [
      108,
      185,
      264,
      202,
      33,
      204,
      182,
      262,
      142,
      187
    ],