{
  "checkpoint_path": "checkpoints/VitSmallPatch14_2204/step_12000.pt",
  "galaxy10_h5": "Evals/DeCals_linearProbing/galaxy10/Galaxy10_DECals.h5",
  "model_name": "vit_small_patch14_dinov2.lvd142m",
  "input_size": 518,
  "seed": 42,
  "split_sizes": {
    "train": 14185,
    "val": 1769,
    "test": 1782
  },
  "best_probe": {
    "lr": 0.01,
    "wd": 0.001,
    "best_epoch": 96,
    "val_metrics": {
      "top1_acc": 0.49293386093838326,
      "macro_f1": 0.4471132485722795,
      "per_class_acc": [
        0.26851851851851855,
        0.35135135135135137,
        0.6590909090909091,
        0.48514851485148514,
        0.06060606060606061,
        0.38235294117647056,
        0.5054945054945055,
        0.4847328244274809,
        0.5140845070422535,
        0.7165775401069518
      ],
      "per_class_precision": [
        0.3625,
        0.42207792207792205,
        0.45549738219895286,
        0.4474885844748858,
        0.5,
        0.5342465753424658,
        0.5859872611464968,
        0.4379310344827586,
        0.5793650793650794,
        0.6350710900473934
      ],
      "per_class_recall": [
        0.26851851851851855,
        0.35135135135135137,
        0.6590909090909091,
        0.48514851485148514,
        0.06060606060606061,
        0.38235294117647056,
        0.5054945054945055,
        0.4847328244274809,
        0.5140845070422535,
        0.7165775401069518
      ],
      "per_class_f1": [
        0.30851063829787234,
        0.3834808259587021,
        0.5386996904024768,
        0.4655581947743468,
        0.10810810810810813,
        0.4457142857142857,
        0.5427728613569321,
        0.4601449275362319,
        0.544776119402985,
        0.6733668341708543
      ],
      "support": [
        108,
        185,
        264,
        202,
        33,
        204,
        182,
        262,
        142,
        187
      ],
      "confusion_matrix": [
        [
          29,
          5,
          20,
          12,
          0,
          8,
          3,
          21,
          5,
          5
        ],
        [
          2,
          65,
          46,
          14,
          0,
          10,
          2,
          18,
          13,
          15
        ],
        [
          3,
          19,
          174,
          34,
          0,
          9,
          1,
          10,
          1,
          13
        ],
        [
          3,
          17,
          65,
          98,
          1,
          2,
          2,
          5,
          0,
          9
        ],
        [
          0,
          1,
          7,
          13,
          2,
          0,
          0,
          2,
          2,
          6
        ],
        [
          7,
          10,
          17,
          12,
          0,
          78,
          26,
          43,
          7,
          4
        ],
        [
          1,
          8,
          6,
          3,
          0,
          20,
          92,
          40,
          11,
          1
        ],
        [
          24,
          14,
          17,
          23,
          1,
          16,
          28,
          127,
          9,
          3
        ],
        [
          11,
          7,
          8,
          0,
          0,
          0,
          3,
          19,
          73,
          21
        ],
        [
          0,
          8,
          22,
          10,
          0,
          3,
          0,
          5,
          5,
          134
        ]
      ]
    }
  },
  "train_metrics": {
    "top1_acc": 0.4985548114205146,
    "macro_f1": 0.44922781869060546,
    "per_class_acc": [
      0.23726851851851852,
      0.3603238866396761,
      0.6606805293005671,
      0.5175817396668723,
      0.033707865168539325,
      0.39167686658506734,
      0.48872180451127817,
      0.4647954329210276,
      0.6520210896309314,
      0.6762349799732977
    ],
    "per_class_precision": [
      0.36936936936936937,
      0.5032987747408105,
      0.4544863459037711,
      0.4552360282148671,
      0.3,
      0.4945904173106646,
      0.5581576893052302,
      0.4288849868305531,
      0.615257048092869,
      0.6489429852658553
    ],
    "per_class_recall": [
      0.23726851851851852,
      0.3603238866396761,
      0.6606805293005671,
      0.5175817396668723,
      0.033707865168539325,
      0.39167686658506734,
      0.48872180451127817,
      0.4647954329210276,
      0.6520210896309314,
      0.6762349799732977
    ],
    "per_class_f1": [
      0.2889358703312192,
      0.41997640581989776,
      0.5385208012326657,
      0.48441108545034645,
      0.0606060606060606,
      0.43715846994535523,
      0.521137026239067,
      0.4461187214611872,
      0.6331058020477814,
      0.6623079437724747
    ],
    "support": [
      864,
      1482,
      2116,
      1621,
      267,
      1634,
      1463,
      2102,
      1138,
      1498
    ],
    "confusion_matrix": [
      [
        205,
        31,
        189,
        131,
        0,
        47,
        25,
        154,
        42,
        40
      ],
      [
        25,
        534,
        315,
        129,
        2,
        104,
        16,
        142,
        94,
        121
      ],
      [
        23,
        139,
        1398,
        295,
        1,
        71,
        33,
        87,
        6,
        63
      ],
      [
        11,
        90,
        505,
        839,
        3,
        20,
        9,
        69,
        9,
        66
      ],
      [
        5,
        8,
        57,
        109,
        9,
        3,
        1,
        19,
        3,
        53
      ],
      [
        54,
        59,
        163,
        96,
        4,
        640,
        204,
        332,
        51,
        31
      ],
      [
        14,
        17,
        64,
        21,
        1,
        199,
        715,
        347,
        72,
        13
      ],
      [
        135,
        72,
        172,
        145,
        2,
        182,
        259,
        977,
        118,
        40
      ],
      [
        74,
        23,
        32,
        5,
        3,
        5,
        15,
        118,
        742,
        121
      ],
      [
        9,
        88,
        181,
        73,
        5,
        23,
        4,
        33,
        69,
        1013
      ]
    ]
  },
  "val_metrics": {
    "top1_acc": 0.49293386093838326,
    "macro_f1": 0.4471132485722795,
    "per_class_acc": [
      0.26851851851851855,
      0.35135135135135137,
      0.6590909090909091,
      0.48514851485148514,
      0.06060606060606061,
      0.38235294117647056,
      0.5054945054945055,
      0.4847328244274809,
      0.5140845070422535,
      0.7165775401069518
    ],
    "per_class_precision": [
      0.3625,
      0.42207792207792205,
      0.45549738219895286,
      0.4474885844748858,
      0.5,
      0.5342465753424658,
      0.5859872611464968,
      0.4379310344827586,
      0.5793650793650794,
      0.6350710900473934
    ],
    "per_class_recall": [
      0.26851851851851855,
      0.35135135135135137,
      0.6590909090909091,
      0.48514851485148514,
      0.06060606060606061,
      0.38235294117647056,
      0.5054945054945055,
      0.4847328244274809,
      0.5140845070422535,
      0.7165775401069518
    ],
    "per_class_f1": [
      0.30851063829787234,
      0.3834808259587021,
      0.5386996904024768,
      0.4655581947743468,
      0.10810810810810813,
      0.4457142857142857,
      0.5427728613569321,
      0.4601449275362319,
      0.544776119402985,
      0.6733668341708543
    ],
    "support": [
      108,
      185,
      264,
      202,
      33,
      204,
      182,
      262,
      142,
      187
    ],