{
  "checkpoint_path": "checkpoints/VitLargePatch14_OfficialTrain5_Epoch5_2504/step_48000.pt",
  "galaxy10_h5": "Evals/DeCals_linearProbing/galaxy10/Galaxy10_DECals.h5",
  "model_name": "vit_large_patch14_dinov2.lvd142m",
  "input_size": 518,
  "seed": 42,
  "split_sizes": {
    "train": 14185,
    "val": 1769,
    "test": 1782
  },
  "best_probe": {
    "lr": 0.003,
    "wd": 0.0001,
    "best_epoch": 79,
    "val_metrics": {
      "top1_acc": 0.5890333521763709,
      "macro_f1": 0.5729937860319675,
      "per_class_acc": [
        0.28703703703703703,
        0.6324324324324324,
        0.7121212121212122,
        0.5396039603960396,
        0.42424242424242425,
        0.45098039215686275,
        0.5934065934065934,
        0.5114503816793893,
        0.6830985915492958,
        0.8128342245989305
      ],
      "per_class_precision": [
        0.36904761904761907,
        0.582089552238806,
        0.6103896103896104,
        0.545,
        0.7,
        0.6174496644295302,
        0.6,
        0.4855072463768116,
        0.7348484848484849,
        0.6940639269406392
      ],
      "per_class_recall": [
        0.28703703703703703,
        0.6324324324324324,
        0.7121212121212122,
        0.5396039603960396,
        0.42424242424242425,
        0.45098039215686275,
        0.5934065934065934,
        0.5114503816793893,
        0.6830985915492958,
        0.8128342245989305
      ],
      "per_class_f1": [
        0.3229166666666667,
        0.6062176165803109,
        0.6573426573426574,
        0.5422885572139304,
        0.5283018867924527,
        0.5212464589235127,
        0.5966850828729282,
        0.4981412639405204,
        0.7080291970802919,
        0.7487684729064038
      ],
      "support": [
        108,
        185,
        264,
        202,
        33,
        204,
        182,
        262,
        142,
        187
      ],
      "confusion_matrix": [
        [
          31,
          7,
          21,
          12,
          0,
          7,
          2,
          20,
          6,
          2
        ],
        [
          3,
          117,
          10,
          13,
          0,
          5,
          1,
          16,
          5,
          15
        ],
        [
          4,
          12,
          188,
          34,
          0,
          6,
          7,
          7,
          1,
          5
        ],
        [
          3,
          12,
          53,
          109,
          4,
          1,
          3,
          6,
          0,
          11
        ],
        [
          1,
          1,
          0,
          8,
          14,
          2,
          0,
          1,
          3,
          3
        ],
        [
          9,
          17,
          6,
          5,
          0,
          92,
          28,
          40,
          3,
          4
        ],
        [
          4,
          3,
          8,
          1,
          0,
          14,
          108,
          41,
          1,
          2
        ],
        [
          25,
          17,
          14,
          16,
          1,
          20,
          26,
          134,
          7,
          2
        ],
        [
          3,
          6,
          0,
          0,
          0,
          2,
          2,
          9,
          97,
          23
        ],
        [
          1,
          9,
          8,
          2,
          1,
          0,
          3,
          2,
          9,
          152
        ]
      ]
    }
  },
  "train_metrics": {
    "top1_acc": 0.6315826577370461,
    "macro_f1": 0.6008626896989202,
    "per_class_acc": [
      0.3298611111111111,
      0.6302294197031039,
      0.7377126654064272,
      0.6465144972239358,
      0.29213483146067415,
      0.4834761321909425,
      0.6151742993848257,
      0.5761179828734538,
      0.7759226713532513,
      0.8471295060080107
    ],
    "per_class_precision": [
      0.40482954545454547,
      0.6596045197740112,
      0.6493344425956739,
      0.62048549437537,
      0.582089552238806,
      0.6655433866891323,
      0.6093432633716994,
      0.5181857081728712,
      0.7745614035087719,
      0.7477902180318209
    ],
    "per_class_recall": [
      0.3298611111111111,
      0.6302294197031039,
      0.7377126654064272,
      0.6465144972239358,
      0.29213483146067415,
      0.4834761321909425,
      0.6151742993848257,
      0.5761179828734538,
      0.7759226713532513,
      0.8471295060080107
    ],
    "per_class_f1": [
      0.3635204081632653,
      0.6445824706694272,
      0.69070796460177,
      0.6332326283987915,
      0.38902743142144636,
      0.5600850762141085,
      0.6122448979591838,
      0.5456183825185852,
      0.7752414398595259,
      0.7943661971830986
    ],
    "support": [
      864,
      1482,
      2116,
      1621,
      267,
      1634,
      1463,
      2102,
      1138,
      1498
    ],
    "confusion_matrix": [
      [
        285,
        34,
        124,
        109,
        3,
        45,
        33,
        161,
        36,
        34
      ],
      [
        37,
        934,
        111,
        72,
        9,
        55,
        33,
        94,
        46,
        91
      ],
      [
        39,
        93,
        1561,
        231,
        2,
        22,
        47,
        80,
        8,
        33
      ],
      [
        32,
        56,
        328,
        1048,
        12,
        6,
        10,
        61,
        6,
        62
      ],
      [
        14,
        6,
        15,
        81,
        78,
        2,
        0,
        16,
        10,
        45
      ],
      [
        78,
        85,
        64,
        45,
        4,
        790,
        222,
        296,
        28,
        22
      ],
      [
        12,
        20,
        66,
        10,
        2,
        83,
        900,
        343,
        18,
        9
      ],
      [
        161,
        89,
        108,
        67,
        10,
        163,
        212,
        1211,
        54,
        27
      ],
      [
        39,
        36,
        2,
        0,
        5,
        6,
        13,
        49,
        883,
        105
      ],
      [
        7,
        63,
        25,
        26,
        9,
        15,
        7,
        26,
        51,
        1269
      ]
    ]
  },
  "val_metrics": {
    "top1_acc": 0.5890333521763709,
    "macro_f1": 0.5729937860319675,
    "per_class_acc": [
      0.28703703703703703,
      0.6324324324324324,
      0.7121212121212122,
      0.5396039603960396,
      0.42424242424242425,
      0.45098039215686275,
      0.5934065934065934,
      0.5114503816793893,
      0.6830985915492958,
      0.8128342245989305
    ],
    "per_class_precision": [
      0.36904761904761907,
      0.582089552238806,
      0.6103896103896104,
      0.545,
      0.7,
      0.6174496644295302,
      0.6,
      0.4855072463768116,
      0.7348484848484849,
      0.6940639269406392
    ],
    "per_class_recall": [
      0.28703703703703703,
      0.6324324324324324,
      0.7121212121212122,
      0.5396039603960396,
      0.42424242424242425,
      0.45098039215686275,
      0.5934065934065934,
      0.5114503816793893,
      0.6830985915492958,
      0.8128342245989305
    ],
    "per_class_f1": [
      0.3229166666666667,
      0.6062176165803109,
      0.6573426573426574,
      0.5422885572139304,
      0.5283018867924527,
      0.5212464589235127,
      0.5966850828729282,
      0.4981412639405204,
      0.7080291970802919,
      0.7487684729064038
    ],
    "support": [
      108,
      185,
      264,
      202,
      33,
      204,
      182,
      262,
      142,
      187
    ],