{
  "checkpoint_path": "checkpoints/VitLargePatch14_OfficialTrain5_Epoch5_2504/step_8000.pt",
  "galaxy10_h5": "Evals/DeCals_linearProbing/galaxy10/Galaxy10_DECals.h5",
  "model_name": "vit_large_patch14_dinov2.lvd142m",
  "input_size": 518,
  "seed": 42,
  "split_sizes": {
    "train": 14185,
    "val": 1769,
    "test": 1782
  },
  "best_probe": {
    "lr": 0.003,
    "wd": 0.0001,
    "best_epoch": 88,
    "val_metrics": {
      "top1_acc": 0.5720746184284907,
      "macro_f1": 0.5516050307505606,
      "per_class_acc": [
        0.2222222222222222,
        0.5027027027027027,
        0.7462121212121212,
        0.5247524752475248,
        0.36363636363636365,
        0.5049019607843137,
        0.521978021978022,
        0.5038167938931297,
        0.7183098591549296,
        0.7914438502673797
      ],
      "per_class_precision": [
        0.3870967741935484,
        0.6,
        0.5612535612535613,
        0.5435897435897435,
        0.6,
        0.5392670157068062,
        0.6375838926174496,
        0.42718446601941745,
        0.7846153846153846,
        0.714975845410628
      ],
      "per_class_recall": [
        0.2222222222222222,
        0.5027027027027027,
        0.7462121212121212,
        0.5247524752475248,
        0.36363636363636365,
        0.5049019607843137,
        0.521978021978022,
        0.5038167938931297,
        0.7183098591549296,
        0.7914438502673797
      ],
      "per_class_f1": [
        0.2823529411764706,
        0.5470588235294118,
        0.6406504065040651,
        0.5340050377833754,
        0.4528301886792453,
        0.521518987341772,
        0.5740181268882175,
        0.4623467600700525,
        0.75,
        0.7512690355329948
      ],
      "support": [
        108,
        185,
        264,
        202,
        33,
        204,
        182,
        262,
        142,
        187
      ],
      "confusion_matrix": [
        [
          24,
          3,
          20,
          10,
          0,
          15,
          2,
          28,
          1,
          5
        ],
        [
          2,
          93,
          27,
          15,
          1,
          6,
          2,
          19,
          4,
          16
        ],
        [
          3,
          9,
          197,
          27,
          2,
          3,
          5,
          15,
          0,
          3
        ],
        [
          2,
          4,
          63,
          106,
          3,
          5,
          2,
          6,
          2,
          9
        ],
        [
          1,
          1,
          3,
          8,
          12,
          1,
          0,
          1,
          2,
          4
        ],
        [
          6,
          11,
          13,
          4,
          1,
          103,
          21,
          41,
          2,
          2
        ],
        [
          3,
          3,
          5,
          1,
          0,
          19,
          95,
          52,
          2,
          2
        ],
        [
          17,
          16,
          12,
          20,
          1,
          34,
          21,
          132,
          6,
          3
        ],
        [
          4,
          5,
          0,
          1,
          0,
          5,
          1,
          9,
          102,
          15
        ],
        [
          0,
          10,
          11,
          3,
          0,
          0,
          0,
          6,
          9,
          148
        ]
      ]
    }
  },
  "train_metrics": {
    "top1_acc": 0.5933027846316532,
    "macro_f1": 0.5606719523265362,
    "per_class_acc": [
      0.24189814814814814,
      0.5411605937921727,
      0.7603969754253308,
      0.567550894509562,
      0.2696629213483146,
      0.4969400244798042,
      0.5263157894736842,
      0.5846812559467174,
      0.7530755711775043,
      0.7583444592790387
    ],
    "per_class_precision": [
      0.46444444444444444,
      0.6436597110754414,
      0.5762893982808023,
      0.5985686402081978,
      0.4768211920529801,
      0.5262475696694751,
      0.5772113943028486,
      0.4842395587076438,
      0.7876838235294118,
      0.7543160690571049
    ],
    "per_class_recall": [
      0.24189814814814814,
      0.5411605937921727,
      0.7603969754253308,
      0.567550894509562,
      0.2696629213483146,
      0.4969400244798042,
      0.5263157894736842,
      0.5846812559467174,
      0.7530755711775043,
      0.7583444592790387
    ],
    "per_class_f1": [
      0.3181126331811263,
      0.5879765395894428,
      0.6556642216788916,
      0.5826472450918303,
      0.34449760765550236,
      0.5111740635819957,
      0.5505899177690382,
      0.5297413793103448,
      0.7699910152740342,
      0.7563249001331558
    ],
    "support": [
      864,
      1482,
      2116,
      1621,
      267,
      1634,
      1463,
      2102,
      1138,
      1498
    ],
    "confusion_matrix": [
      [
        209,
        30,
        148,
        100,
        11,
        106,
        22,
        181,
        20,
        37
      ],
      [
        20,
        802,
        219,
        80,
        6,
        88,
        22,
        108,
        49,
        88
      ],
      [
        18,
        70,
        1609,
        180,
        10,
        47,
        51,
        99,
        9,
        23
      ],
      [
        24,
        54,
        443,
        920,
        23,
        26,
        12,
        66,
        8,
        45
      ],
      [
        9,
        7,
        27,
        78,
        72,
        8,
        0,
        18,
        11,
        37
      ],
      [
        34,
        74,
        104,
        49,
        4,
        812,
        224,
        292,
        14,
        27
      ],
      [
        8,
        13,
        56,
        11,
        0,
        146,
        770,
        436,
        14,
        9
      ],
      [
        95,
        76,
        102,
        69,
        9,
        260,
        200,
        1229,
        37,
        25
      ],
      [
        30,
        31,
        8,
        0,
        3,
        31,
        22,
        77,
        857,
        79
      ],
      [
        3,
        89,
        76,
        50,
        13,
        19,
        11,
        32,
        69,
        1136
      ]
    ]
  },
  "val_metrics": {
    "top1_acc": 0.5720746184284907,
    "macro_f1": 0.5516050307505606,
    "per_class_acc": [
      0.2222222222222222,
      0.5027027027027027,
      0.7462121212121212,
      0.5247524752475248,
      0.36363636363636365,
      0.5049019607843137,
      0.521978021978022,
      0.5038167938931297,
      0.7183098591549296,
      0.7914438502673797
    ],
    "per_class_precision": [
      0.3870967741935484,
      0.6,
      0.5612535612535613,
      0.5435897435897435,
      0.6,
      0.5392670157068062,
      0.6375838926174496,
      0.42718446601941745,
      0.7846153846153846,
      0.714975845410628
    ],
    "per_class_recall": [
      0.2222222222222222,
      0.5027027027027027,
      0.7462121212121212,
      0.5247524752475248,
      0.36363636363636365,
      0.5049019607843137,
      0.521978021978022,
      0.5038167938931297,
      0.7183098591549296,
      0.7914438502673797
    ],
    "per_class_f1": [
      0.2823529411764706,
      0.5470588235294118,
      0.6406504065040651,
      0.5340050377833754,
      0.4528301886792453,
      0.521518987341772,
      0.5740181268882175,
      0.4623467600700525,
      0.75,
      0.7512690355329948
    ],
    "support": [
      108,
      185,
      264,
      202,
      33,
      204,
      182,
      262,
      142,
      187
    ],