{
  "checkpoint_path": "checkpoints/VitLargePatch14_OfficialTrain5_Epoch5_2504/step_44000.pt",
  "galaxy10_h5": "Evals/DeCals_linearProbing/galaxy10/Galaxy10_DECals.h5",
  "model_name": "vit_large_patch14_dinov2.lvd142m",
  "input_size": 518,
  "seed": 42,
  "split_sizes": {
    "train": 14185,
    "val": 1769,
    "test": 1782
  },
  "best_probe": {
    "lr": 0.003,
    "wd": 0.0001,
    "best_epoch": 81,
    "val_metrics": {
      "top1_acc": 0.5963821368004523,
      "macro_f1": 0.5700758080142143,
      "per_class_acc": [
        0.18518518518518517,
        0.5891891891891892,
        0.7121212121212122,
        0.5594059405940595,
        0.5151515151515151,
        0.5147058823529411,
        0.6208791208791209,
        0.5305343511450382,
        0.7112676056338029,
        0.8021390374331551
      ],
      "per_class_precision": [
        0.4444444444444444,
        0.6055555555555555,
        0.6084142394822006,
        0.5207373271889401,
        0.4473684210526316,
        0.603448275862069,
        0.6348314606741573,
        0.5036231884057971,
        0.7163120567375887,
        0.7109004739336493
      ],
      "per_class_recall": [
        0.18518518518518517,
        0.5891891891891892,
        0.7121212121212122,
        0.5594059405940595,
        0.5151515151515151,
        0.5147058823529411,
        0.6208791208791209,
        0.5305343511450382,
        0.7112676056338029,
        0.8021390374331551
      ],
      "per_class_f1": [
        0.26143790849673204,
        0.5972602739726028,
        0.6561954624781849,
        0.5393794749403342,
        0.4788732394366197,
        0.5555555555555555,
        0.6277777777777779,
        0.516728624535316,
        0.7137809187279152,
        0.7537688442211055
      ],
      "support": [
        108,
        185,
        264,
        202,
        33,
        204,
        182,
        262,
        142,
        187
      ],
      "confusion_matrix": [
        [
          20,
          6,
          21,
          15,
          4,
          9,
          4,
          22,
          6,
          1
        ],
        [
          1,
          109,
          16,
          12,
          1,
          9,
          1,
          13,
          6,
          17
        ],
        [
          1,
          12,
          188,
          38,
          0,
          8,
          7,
          7,
          1,
          2
        ],
        [
          2,
          11,
          47,
          113,
          9,
          2,
          2,
          7,
          0,
          9
        ],
        [
          0,
          1,
          0,
          7,
          17,
          1,
          0,
          2,
          2,
          3
        ],
        [
          6,
          14,
          5,
          7,
          2,
          105,
          21,
          37,
          3,
          4
        ],
        [
          0,
          3,
          8,
          1,
          1,
          13,
          113,
          38,
          3,
          2
        ],
        [
          11,
          14,
          14,
          19,
          2,
          25,
          27,
          139,
          8,
          3
        ],
        [
          3,
          4,
          0,
          0,
          0,
          2,
          2,
          10,
          101,
          20
        ],
        [
          1,
          6,
          10,
          5,
          2,
          0,
          1,
          1,
          11,
          150
        ]
      ]
    }
  },
  "train_metrics": {
    "top1_acc": 0.6362354599929503,
    "macro_f1": 0.6008311670164781,
    "per_class_acc": [
      0.21643518518518517,
      0.6214574898785425,
      0.7325141776937618,
      0.6779765576804442,
      0.41198501872659177,
      0.5397796817625459,
      0.6158578263841422,
      0.5799238820171265,
      0.8084358523725835,
      0.8251001335113485
    ],
    "per_class_precision": [
      0.5165745856353591,
      0.6857781087118392,
      0.6545608108108109,
      0.5989100817438692,
      0.3728813559322034,
      0.6189473684210526,
      0.6226675881133379,
      0.5293095961788971,
      0.7660283097418817,
      0.7696139476961394
    ],
    "per_class_recall": [
      0.21643518518518517,
      0.6214574898785425,
      0.7325141776937618,
      0.6779765576804442,
      0.41198501872659177,
      0.5397796817625459,
      0.6158578263841422,
      0.5799238820171265,
      0.8084358523725835,
      0.8251001335113485
    ],
    "per_class_f1": [
      0.3050570962479608,
      0.6520353982300886,
      0.6913470115967887,
      0.6359953703703705,
      0.39145907473309605,
      0.5766590389016019,
      0.6192439862542956,
      0.5534619750283768,
      0.7866609662248825,
      0.7963917525773195
    ],
    "support": [
      864,
      1482,
      2116,
      1621,
      267,
      1634,
      1463,
      2102,
      1138,
      1498
    ],
    "confusion_matrix": [
      [
        187,
        31,
        131,
        129,
        24,
        70,
        20,
        194,
        47,
        31
      ],
      [
        22,
        921,
        103,
        79,
        34,
        69,
        31,
        91,
        49,
        83
      ],
      [
        5,
        90,
        1550,
        268,
        27,
        25,
        58,
        72,
        3,
        18
      ],
      [
        10,
        57,
        299,
        1099,
        41,
        11,
        14,
        47,
        4,
        39
      ],
      [
        2,
        9,
        13,
        70,
        110,
        2,
        2,
        10,
        8,
        41
      ],
      [
        30,
        74,
        64,
        52,
        8,
        882,
        180,
        297,
        24,
        23
      ],
      [
        7,
        12,
        67,
        10,
        2,
        130,
        901,
        306,
        18,
        10
      ],
      [
        71,
        71,
        105,
        87,
        21,
        213,
        226,
        1219,
        57,
        32
      ],
      [
        26,
        23,
        2,
        1,
        12,
        10,
        10,
        41,
        920,
        93
      ],
      [
        2,
        55,
        34,
        40,
        16,
        13,
        5,
        26,
        71,
        1236
      ]
    ]
  },
  "val_metrics": {
    "top1_acc": 0.5963821368004523,
    "macro_f1": 0.5700758080142143,
    "per_class_acc": [
      0.18518518518518517,
      0.5891891891891892,
      0.7121212121212122,
      0.5594059405940595,
      0.5151515151515151,
      0.5147058823529411,
      0.6208791208791209,
      0.5305343511450382,
      0.7112676056338029,
      0.8021390374331551
    ],
    "per_class_precision": [
      0.4444444444444444,
      0.6055555555555555,
      0.6084142394822006,
      0.5207373271889401,
      0.4473684210526316,
      0.603448275862069,
      0.6348314606741573,
      0.5036231884057971,
      0.7163120567375887,
      0.7109004739336493
    ],
    "per_class_recall": [
      0.18518518518518517,
      0.5891891891891892,
      0.7121212121212122,
      0.5594059405940595,
      0.5151515151515151,
      0.5147058823529411,
      0.6208791208791209,
      0.5305343511450382,
      0.7112676056338029,
      0.8021390374331551
    ],
    "per_class_f1": [
      0.26143790849673204,
      0.5972602739726028,
      0.6561954624781849,
      0.5393794749403342,
      0.4788732394366197,
      0.5555555555555555,
      0.6277777777777779,
      0.516728624535316,
      0.7137809187279152,
      0.7537688442211055
    ],
    "support": [
      108,
      185,
      264,
      202,
      33,
      204,
      182,
      262,
      142,
      187
    ],